method,split,seeds,episodes_per_seed,mean_success_rate,ci95_success_rate,mean_mean_mean_abs_force_error,ci95_mean_mean_abs_force_error,mean_mean_post_shift_force_error,ci95_mean_post_shift_force_error,mean_mean_normalized_force_error,ci95_mean_normalized_force_error,mean_mean_peak_overshoot,ci95_mean_peak_overshoot,mean_mean_safety_violation_rate,ci95_mean_safety_violation_rate,mean_mean_slip_rate,ci95_mean_slip_rate,mean_mean_chatter_rate,ci95_mean_chatter_rate,mean_mean_settling_latency,ci95_mean_settling_latency,mean_mean_energy,ci95_mean_energy,mean_mean_final_progress,ci95_mean_final_progress,mean_mean_token_switches,ci95_mean_token_switches
ablate_no_calibration_guard,actuator_saturation,8,4,0.25000,0.16039,2.54428,0.06876,1.98784,0.11175,0.14534,0.00306,1.42475,0.05506,0.00036,0.00070,0.29210,0.03497,0.02907,0.00416,5.18750,0.36750,1.07712,0.02507,0.72476,0.01300,28.62500,1.39210
ablate_no_calibration_guard,combined_extreme_stress,8,4,0.09375,0.08966,2.51655,0.09185,2.35338,0.18626,0.13539,0.00678,1.40864,0.04882,0.00072,0.00093,0.23877,0.02842,0.10286,0.00770,5.81250,0.83212,1.02481,0.02965,0.69008,0.00816,37.40625,1.57677
ablate_no_calibration_guard,combined_stress,8,4,0.00000,0.00000,2.41089,0.08420,1.84563,0.08565,0.14543,0.00692,1.47708,0.05878,0.00108,0.00103,0.17928,0.02397,0.06792,0.01430,5.00000,0.00000,1.01477,0.01796,0.67778,0.00496,35.28125,1.62102
ablate_no_calibration_guard,stick_slip_cycle,8,4,0.03125,0.06125,2.38825,0.05088,1.86443,0.09045,0.17491,0.00506,1.23645,0.02210,0.00000,0.00000,0.18056,0.02001,0.01688,0.00547,5.12500,0.09260,0.96427,0.02549,0.67893,0.00789,25.56250,0.72176
ablate_no_discrete_tokens,actuator_saturation,8,4,0.09375,0.08966,1.91530,0.03558,0.92062,0.07721,0.10944,0.00321,1.53747,0.05247,0.00391,0.00256,0.61334,0.00525,0.04149,0.00656,5.06250,0.08020,0.83683,0.02278,0.86077,0.00099,0.00000,0.00000
ablate_no_discrete_tokens,combined_extreme_stress,8,4,0.93750,0.08020,2.20313,0.05438,1.75654,0.18468,0.11858,0.00495,1.54951,0.06143,0.00249,0.00245,0.57393,0.00591,0.13574,0.01202,5.71875,0.61729,0.78270,0.02278,0.83118,0.00392,0.00000,0.00000
ablate_no_discrete_tokens,combined_stress,8,4,0.68750,0.25779,2.01125,0.03474,1.03703,0.05121,0.12129,0.00341,1.64061,0.04802,0.00675,0.00348,0.58771,0.00732,0.08629,0.01148,5.03125,0.06125,0.77853,0.02399,0.82999,0.00151,0.00000,0.00000
ablate_no_discrete_tokens,stick_slip_cycle,8,4,0.28125,0.19507,1.53756,0.03542,0.53790,0.04318,0.11254,0.00291,1.26690,0.01984,0.00000,0.00000,0.60468,0.00637,0.03336,0.00563,5.00000,0.00000,0.81671,0.02330,0.84769,0.00102,0.00000,0.00000
ablate_no_force_update,actuator_saturation,8,4,0.00000,0.00000,2.67217,0.08840,1.44376,0.16190,0.15246,0.00502,1.24644,0.03033,0.00000,0.00000,0.34251,0.01551,0.02740,0.00239,5.03125,0.06125,0.71845,0.01673,0.69583,0.00359,35.90625,2.19904
ablate_no_force_update,combined_extreme_stress,8,4,0.00000,0.00000,4.06668,0.13125,5.27660,0.41097,0.21895,0.00985,1.56012,0.03661,0.00145,0.00215,0.30314,0.02382,0.04438,0.00808,17.03125,12.24280,0.82128,0.01550,0.69506,0.00302,67.00000,1.36096
ablate_no_force_update,combined_stress,8,4,0.00000,0.00000,3.32291,0.08486,2.99515,0.27471,0.20036,0.00601,1.42190,0.04334,0.00000,0.00000,0.20917,0.02723,0.03625,0.00589,8.12500,5.56918,0.75826,0.01407,0.67628,0.00341,58.43750,3.48056
ablate_no_force_update,stick_slip_cycle,8,4,0.00000,0.00000,2.55839,0.09703,1.77197,0.24936,0.18698,0.00599,1.02805,0.01093,0.00000,0.00000,0.33308,0.01971,0.00865,0.00402,5.21875,0.19507,0.70236,0.01678,0.68009,0.00344,29.96875,1.94999
ablate_no_memory,actuator_saturation,8,4,0.96875,0.06125,2.82702,0.04795,1.34798,0.14644,0.16156,0.00548,1.39518,0.05790,0.00073,0.00094,0.50149,0.00680,0.02487,0.00406,5.00000,0.00000,0.56127,0.01154,0.75638,0.00179,12.96875,1.00777
ablate_no_memory,combined_extreme_stress,8,4,0.12500,0.09260,2.90984,0.06499,1.99985,0.19759,0.15653,0.00529,1.42141,0.05684,0.00000,0.00000,0.45900,0.01019,0.11390,0.00772,5.15625,0.30625,0.53896,0.01160,0.72595,0.00460,15.09375,0.50667
ablate_no_memory,combined_stress,8,4,0.00000,0.00000,2.79765,0.05469,1.39026,0.11240,0.16866,0.00527,1.46859,0.04294,0.00221,0.00144,0.43379,0.01941,0.06009,0.00873,5.00000,0.00000,0.52285,0.01269,0.71937,0.00355,14.56250,0.74514
ablate_no_memory,stick_slip_cycle,8,4,0.46875,0.11103,2.51853,0.04287,1.07681,0.09966,0.18422,0.00302,1.06016,0.02859,0.00000,0.00000,0.46407,0.01284,0.01173,0.00326,5.00000,0.00000,0.54534,0.01492,0.73685,0.00378,8.96875,0.79894
ablate_no_phase_memory,actuator_saturation,8,4,1.00000,0.00000,2.52569,0.05139,1.31506,0.15218,0.14436,0.00507,1.43867,0.05524,0.00144,0.00106,0.50039,0.00494,0.02448,0.00403,5.00000,0.00000,0.74417,0.01590,0.76414,0.00120,34.12500,0.86373
ablate_no_phase_memory,combined_extreme_stress,8,4,0.21875,0.11103,2.69288,0.06885,1.92695,0.22815,0.14494,0.00580,1.45135,0.06606,0.00036,0.00071,0.43252,0.01118,0.09970,0.01113,5.40625,0.50667,0.69526,0.01645,0.73262,0.00439,38.37500,1.23892
ablate_no_phase_memory,combined_stress,8,4,0.09375,0.08966,2.56522,0.07724,1.34131,0.09537,0.15475,0.00660,1.51162,0.06811,0.00181,0.00184,0.40630,0.01792,0.06125,0.01108,5.00000,0.00000,0.69068,0.01807,0.72686,0.00192,36.31250,0.85249
ablate_no_phase_memory,stick_slip_cycle,8,4,0.96875,0.06125,2.15572,0.03786,1.03586,0.07240,0.15773,0.00356,1.09084,0.03378,0.00000,0.00000,0.47191,0.01086,0.01587,0.00356,5.00000,0.00000,0.71824,0.01599,0.75033,0.00165,32.15625,0.43372
ablate_no_safety_penalty,actuator_saturation,8,4,0.00000,0.00000,3.23270,0.05158,3.02248,0.19999,0.18462,0.00462,1.29838,0.04913,0.00000,0.00000,0.26375,0.02200,0.01733,0.00321,6.62500,0.90257,0.74929,0.01356,0.68278,0.00416,41.21875,2.22520
ablate_no_safety_penalty,combined_extreme_stress,8,4,0.00000,0.00000,3.02792,0.04203,2.95514,0.24012,0.16287,0.00470,1.31119,0.06255,0.00036,0.00071,0.23442,0.03266,0.06951,0.01454,6.09375,0.42372,0.74603,0.00850,0.67255,0.00600,49.84375,1.38883
ablate_no_safety_penalty,combined_stress,8,4,0.00000,0.00000,3.02059,0.03391,2.68892,0.18326,0.18209,0.00433,1.34404,0.04704,0.00000,0.00000,0.10381,0.02882,0.03810,0.00683,5.90625,0.68636,0.71317,0.00809,0.65482,0.00469,47.21875,1.64986
ablate_no_safety_penalty,stick_slip_cycle,8,4,0.00000,0.00000,2.98854,0.05974,2.56954,0.14072,0.21852,0.00322,0.99447,0.02292,0.00000,0.00000,0.19584,0.02683,0.00218,0.00235,6.25000,0.72324,0.71499,0.01128,0.66565,0.00356,40.34375,1.04741
ablate_no_slip_context,actuator_saturation,8,4,0.00000,0.00000,3.00926,0.06388,2.11257,0.11287,0.17196,0.00577,1.32289,0.05700,0.00036,0.00070,0.25598,0.03456,0.01980,0.00362,5.00000,0.00000,0.84728,0.03133,0.69888,0.00806,45.37500,2.05191
ablate_no_slip_context,combined_extreme_stress,8,4,0.00000,0.00000,2.92659,0.04760,2.43843,0.15558,0.15746,0.00527,1.36048,0.07994,0.00036,0.00071,0.21658,0.03350,0.08397,0.01379,5.09375,0.08966,0.81224,0.01794,0.67136,0.00861,46.75000,1.91127
ablate_no_slip_context,combined_stress,8,4,0.00000,0.00000,2.86309,0.04949,2.14635,0.13956,0.17274,0.00552,1.37794,0.05501,0.00036,0.00071,0.15277,0.02317,0.04242,0.00950,5.06250,0.08020,0.79154,0.01921,0.65437,0.00410,44.62500,0.72914
ablate_no_slip_context,stick_slip_cycle,8,4,0.00000,0.00000,2.81342,0.03838,2.03202,0.05757,0.20591,0.00414,0.99522,0.02706,0.00000,0.00000,0.20838,0.01972,0.00361,0.00350,5.12500,0.13096,0.79902,0.02353,0.66910,0.00624,39.18750,1.46342
ablate_no_tail_risk_objective,actuator_saturation,8,4,1.00000,0.00000,2.35088,0.06079,1.32654,0.15065,0.13444,0.00561,1.44765,0.05185,0.00072,0.00092,0.44911,0.00607,0.02592,0.00370,5.00000,0.00000,0.71265,0.01090,0.76824,0.00146,19.71875,0.38669
ablate_no_tail_risk_objective,combined_extreme_stress,8,4,0.62500,0.18520,2.51466,0.05868,1.82608,0.20049,0.13539,0.00539,1.43444,0.05514,0.00073,0.00142,0.41336,0.01364,0.11555,0.00976,5.43750,0.51350,0.67453,0.01507,0.74505,0.00445,26.96875,1.22653
ablate_no_tail_risk_objective,combined_stress,8,4,0.31250,0.15356,2.41856,0.09078,1.36609,0.11452,0.14585,0.00696,1.50293,0.05538,0.00109,0.00104,0.36086,0.02109,0.06628,0.00729,5.03125,0.06125,0.66718,0.01286,0.73608,0.00248,25.06250,1.17407
ablate_no_tail_risk_objective,stick_slip_cycle,8,4,0.96875,0.06125,1.95533,0.04519,1.07027,0.09017,0.14304,0.00307,1.11267,0.03089,0.00000,0.00000,0.40704,0.01596,0.01549,0.00499,5.00000,0.00000,0.69504,0.01298,0.75285,0.00140,19.59375,0.24390
ablate_no_transition_planner,actuator_saturation,8,4,0.00000,0.00000,3.23218,0.06400,3.00394,0.25207,0.18464,0.00503,1.28446,0.04947,0.00000,0.00000,0.25239,0.01310,0.01657,0.00178,6.25000,0.53995,0.75976,0.02628,0.68454,0.00126,42.65625,1.49584
ablate_no_transition_planner,combined_extreme_stress,8,4,0.00000,0.00000,3.03283,0.04630,2.94683,0.32976,0.16308,0.00410,1.32288,0.04466,0.00000,0.00000,0.23790,0.05548,0.07093,0.00787,5.75000,0.32078,0.75613,0.02133,0.67469,0.00525,50.96875,2.07567
ablate_no_transition_planner,combined_stress,8,4,0.00000,0.00000,2.99714,0.04329,2.66450,0.11125,0.18066,0.00466,1.35486,0.05167,0.00036,0.00071,0.10360,0.02310,0.03528,0.00490,5.93750,0.35564,0.71752,0.01919,0.65580,0.00579,46.81250,1.50103
ablate_no_transition_planner,stick_slip_cycle,8,4,0.00000,0.00000,3.00316,0.04486,2.52571,0.13446,0.21963,0.00347,1.00069,0.02765,0.00000,0.00000,0.20558,0.04269,0.00326,0.00312,6.53125,0.55125,0.72600,0.01917,0.66864,0.00260,40.37500,1.01440
impedance_token_policy_v4,actuator_saturation,8,4,0.15625,0.12890,2.64958,0.06117,1.99323,0.20134,0.15141,0.00444,1.36069,0.05165,0.00000,0.00000,0.47540,0.00707,0.02552,0.00392,5.03125,0.06125,0.76761,0.01799,0.73456,0.00442,60.53125,1.64204
impedance_token_policy_v4,combined_extreme_stress,8,4,0.00000,0.00000,2.60835,0.03981,2.01830,0.21605,0.14024,0.00279,1.41448,0.06306,0.00073,0.00093,0.41682,0.01939,0.10733,0.00637,5.18750,0.30361,0.75677,0.01514,0.71901,0.00299,62.62500,1.08387
impedance_token_policy_v4,combined_stress,8,4,0.00000,0.00000,2.51535,0.06261,1.64784,0.09975,0.15170,0.00530,1.44966,0.06709,0.00072,0.00093,0.37125,0.01219,0.06549,0.00699,5.00000,0.00000,0.78869,0.01502,0.71672,0.00267,67.09375,1.88629
impedance_token_policy_v4,stick_slip_cycle,8,4,0.00000,0.00000,2.31243,0.04108,1.67108,0.08373,0.16902,0.00260,1.08655,0.01916,0.00000,0.00000,0.41986,0.01558,0.01764,0.00600,5.15625,0.12890,0.78569,0.01836,0.72394,0.00168,65.28125,1.58626
learned_only_token_replacement,actuator_saturation,8,4,0.68750,0.17932,2.74367,0.05411,1.06972,0.14851,0.15666,0.00487,1.53280,0.05590,0.00433,0.00339,0.59323,0.00710,0.02643,0.00459,5.50000,0.53195,0.62934,0.01404,0.81434,0.00109,0.00000,0.00000
learned_only_token_replacement,combined_extreme_stress,8,4,0.96875,0.06125,3.15016,0.08963,2.24567,0.25527,0.16948,0.00724,1.66353,0.08408,0.01243,0.01070,0.55216,0.00450,0.11699,0.01074,5.96875,0.82012,0.61283,0.01730,0.78255,0.00453,0.00000,0.00000
learned_only_token_replacement,combined_stress,8,4,1.00000,0.00000,2.95455,0.10538,1.33497,0.06230,0.17825,0.00847,1.63487,0.05324,0.01171,0.00544,0.55794,0.00772,0.06562,0.01435,5.06250,0.12250,0.59306,0.01487,0.77600,0.00216,0.00000,0.00000
learned_only_token_replacement,stick_slip_cycle,8,4,0.84375,0.12890,2.14372,0.06275,0.58729,0.04439,0.15698,0.00594,1.16801,0.03625,0.00000,0.00000,0.58007,0.00633,0.03077,0.00353,5.00000,0.00000,0.61499,0.01100,0.79992,0.00122,0.00000,0.00000
token_full_v5,actuator_saturation,8,4,0.00000,0.00000,3.21786,0.07493,2.95548,0.24747,0.18375,0.00449,1.31757,0.03849,0.00000,0.00000,0.27595,0.01960,0.01585,0.00240,6.46875,0.53547,0.73680,0.01765,0.68740,0.00369,43.34375,1.90439
token_full_v5,combined_extreme_stress,8,4,0.00000,0.00000,3.00224,0.04682,2.88819,0.25843,0.16151,0.00471,1.31764,0.05983,0.00036,0.00071,0.22709,0.04537,0.07241,0.01558,5.62500,0.37041,0.72751,0.02106,0.67246,0.00468,50.03125,1.82036
token_full_v5,combined_stress,8,4,0.00000,0.00000,2.98678,0.02361,2.63998,0.15662,0.17996,0.00398,1.35987,0.02847,0.00036,0.00071,0.11598,0.03737,0.04097,0.00421,5.62500,0.29283,0.69681,0.01334,0.65536,0.00515,47.31250,1.56808
token_full_v5,stick_slip_cycle,8,4,0.00000,0.00000,2.99087,0.04608,2.53072,0.15438,0.21872,0.00269,0.99389,0.02829,0.00000,0.00000,0.21051,0.03396,0.00289,0.00239,6.09375,0.45306,0.69933,0.01756,0.66721,0.00519,39.96875,2.08597
